INSERT INTO province (id, name) VALUES
                                    (1, 'Ha Noi'),
                                    (2, 'Ha Giang'),
                                    (3, 'Cao Bang'),
                                    (4, 'Bac Kan'),
                                    (5, 'Tuyen Quang'),
                                    (6, 'Lao Cai'),
                                    (7, 'Dien Bien'),
                                    (8, 'Lai Chau'),
                                    (9, 'Son La'),
                                    (10, 'Yen Bai'),
                                    (11, 'Hoa Binh'),
                                    (12, 'Thai Nguyen'),
                                    (13, 'Lang Son'),
                                    (14, 'Quang Ninh'),
                                    (15, 'Bac Giang'),
                                    (16, 'Phu Tho'),
                                    (17, 'Vinh Phuc'),
                                    (18, 'Bac Ninh'),
                                    (19, 'Hai Duong'),
                                    (20, 'Hai Phong'),
                                    (21, 'Hung Yen'),
                                    (22, 'Thai Binh'),
                                    (23, 'Ha Nam'),
                                    (24, 'Nam Dinh'),
                                    (25, 'Ninh Binh'),
                                    (26, 'Thanh Hoa'),
                                    (27, 'Nghe An'),
                                    (28, 'Ha Tinh'),
                                    (29, 'Quang Binh'),
                                    (30, 'Quang Tri'),
                                    (31, 'Thue Thien Hue'),
                                    (32, 'Da Nang'),
                                    (33, 'Quang Nam'),
                                    (34, 'Quang Ngai'),
                                    (35, 'Binh Dinh'),
                                    (36, 'Phu Yen'),
                                    (37, 'Khanh Hoa'),
                                    (38, 'Ninh Thuan'),
                                    (39, 'Binh Thuan'),
                                    (40, 'Kon Tum'),
                                    (41, 'Gia Lai'),
                                    (42, 'Dak Lak'),
                                    (43, 'Dak Nong'),
                                    (44, 'Lam Dong'),
                                    (45, 'Binh Phuoc'),
                                    (46, 'Tay Ninh'),
                                    (47, 'Binh Duong'),
                                    (48, 'Dong Nai'),
                                    (49, 'Ba Ria - Vung Tau'),
                                    (50, 'Ho Chi Minh'),
                                    (51, 'Long An'),
                                    (52, 'Tien Giang'),
                                    (53, 'Ben Tre'),
                                    (54, 'Tra Vinh'),
                                    (55, 'Vinh Long'),
                                    (56, 'Dong Thap'),
                                    (57, 'An Giang'),
                                    (58, 'Kien Giang'),
                                    (59, 'Can Tho'),
                                    (60, 'Hau Giang'),
                                    (61, 'Soc Trang'),
                                    (62, 'Bac Lieu'),
                                    (63, 'Ca Mau');

INSERT INTO district (id, province_id, name) VALUES
                                                 (1, 1, 'Ba Dinh District'),
                                                 (2, 1, 'Hoan Kiem District'),
                                                 (3, 1, 'Tay Ho District'),
                                                 (4, 1, 'Long Bien District'),
                                                 (5, 1, 'Cau Giay District'),
                                                 (6, 1, 'Dong Da District'),
                                                 (7, 1, 'Hai Ba Trung District'),
                                                 (8, 1, 'Hoang Mai District'),
                                                 (9, 1, 'Thanh Xuan District'),
                                                 (10, 1, 'Soc Son District'),
                                                 (11, 1, 'Dong Anh District'),
                                                 (12, 1, 'Gia Lam District'),
                                                 (13, 1, 'Nam Tu Liem District'),
                                                 (14, 1, 'Thanh Tri District'),
                                                 (15, 1, 'Bac Tu Liem District'),
                                                 (16, 1, 'Me Linh District'),
                                                 (17, 1, 'Ha Dong District'),
                                                 (18, 1, 'Son Tay Town'),
                                                 (19, 1, 'Ba Vi District'),
                                                 (20, 1, 'Phuc Tho District'),
                                                 (21, 1, 'Dan Phuong District'),
                                                 (22, 1, 'Hoai Duc District'),
                                                 (23, 1, 'Quoc Oai District'),
                                                 (24, 1, 'Thach That District'),
                                                 (25, 1, 'Chuong My District'),
                                                 (26, 1, 'Thanh Oai District'),
                                                 (27, 1, 'Thuong Tin District'),
                                                 (28, 1, 'Phu Xuyen District'),
                                                 (29, 1, 'Ung Hoa District'),
                                                 (30, 1, 'My Duc District'),
                                                 (31, 2, 'Ha Giang City'),
                                                 (32, 2, 'Dong Van District'),
                                                 (33, 2, 'Meo Vac District'),
                                                 (34, 2, 'Yen Minh District'),
                                                 (35, 2, 'Quan Ba District'),
                                                 (36, 2, 'Vi Xuyen District'),
                                                 (37, 2, 'Bac Me District'),
                                                 (38, 2, 'Hoang Su Phi District'),
                                                 (39, 2, 'Xin Man District'),
                                                 (40, 2, 'Bac Quang District'),
                                                 (41, 2, 'Quang Binh District'),
                                                 (42, 3, 'Cao Bang City'),
                                                 (43, 3, 'Bao Lam District'),
                                                 (44, 3, 'Bao Lac District'),
                                                 (45, 3, 'Ha Quang District'),
                                                 (46, 3, 'Chongqing District'),
                                                 (47, 3, 'Ha Lang District'),
                                                 (48, 3, 'Quang Hoa District'),
                                                 (49, 3, 'Hoa An District'),
                                                 (50, 3, 'Nguyen Binh District'),
                                                 (51, 3, 'Thach An District'),
                                                 (52, 4, 'Bac Kan City'),
                                                 (53, 4, 'Pac Nam District'),
                                                 (54, 4, 'Ba Be District'),
                                                 (55, 4, 'Ngan Son District'),
                                                 (56, 4, 'Bach Thong District'),
                                                 (57, 4, 'Cho Don District'),
                                                 (58, 4, 'Cho Moi District'),
                                                 (59, 4, 'Na Ri District'),
                                                 (60, 5, 'Tuyen Quang City'),
                                                 (61, 5, 'Lam Binh District'),
                                                 (62, 5, 'Na Hang District'),
                                                 (63, 5, 'Chiem Hoa District'),
                                                 (64, 5, 'Ham Yen District'),
                                                 (65, 5, 'Yen Son District'),
                                                 (66, 5, 'Son Duong District'),
                                                 (67, 6, 'Lao Cai City'),
                                                 (68, 6, 'Bat Xat District'),
                                                 (69, 6, 'Muong Khuong District'),
                                                 (70, 6, 'Si Ma Cai District'),
                                                 (71, 6, 'Bac Ha District'),
                                                 (72, 6, 'Bao Thang District'),
                                                 (73, 6, 'Bao Yen District'),
                                                 (74, 6, 'Sa Pa Town'),
                                                 (75, 6, 'Van Ban District'),
                                                 (76, 7, 'Dien Bien Phu City'),
                                                 (77, 7, 'Muong Lay Town'),
                                                 (78, 7, 'Muong Nhe District'),
                                                 (79, 7, 'Muong Cha District'),
                                                 (80, 7, 'Tua Chua District'),
                                                 (81, 7, 'Tuan Giao District'),
                                                 (82, 7, 'Dien Bien District'),
                                                 (83, 7, 'Dien Bien Dong District'),
                                                 (84, 7, 'Muong Ang District'),
                                                 (85, 7, 'Nam Po District'),
                                                 (86, 8, 'Lai Chau City'),
                                                 (87, 8, 'Tam Duong District'),
                                                 (88, 8, 'Muong Te District'),
                                                 (89, 8, 'Sin Ho District'),
                                                 (90, 8, 'Phong Tho District'),
                                                 (91, 8, 'Than Uyen District'),
                                                 (92, 8, 'Tan Uyen District'),
                                                 (93, 8, 'Nam Nhun District'),
                                                 (94, 9, 'Son La City'),
                                                 (95, 9, 'Quynh Nhai District'),
                                                 (96, 9, 'Thuan Chau District'),
                                                 (97, 9, 'Muong La District'),
                                                 (98, 9, 'Bac Yen District'),
                                                 (99, 9, 'Phu Yen District'),
                                                 (100, 9, 'Moc Chau District'),
                                                 (101, 9, 'Yen Chau District'),
                                                 (102, 9, 'Mai Son District'),
                                                 (103, 9, 'Song Ma District'),
                                                 (104, 9, 'Sop Cop District'),
                                                 (105, 9, 'Van Ho District'),
                                                 (106, 10, 'Yen Bai City'),
                                                 (107, 10, 'Nghia Lo Town'),
                                                 (108, 10, 'Luc Yen District'),
                                                 (109, 10, 'Van Yen District'),
                                                 (110, 10, 'Mu Cang Chai District'),
                                                 (111, 10, 'Tran Yen District'),
                                                 (112, 10, 'Tram Tau District'),
                                                 (113, 10, 'Van Chan District'),
                                                 (114, 10, 'Yen Binh District'),
                                                 (115, 11, 'Hoa Binh City'),
                                                 (116, 11, 'Da Bac District'),
                                                 (117, 11, 'Luong Son District'),
                                                 (118, 11, 'Kim Boi District'),
                                                 (119, 11, 'Cao Phong District'),
                                                 (120, 11, 'Tan Lac District'),
                                                 (121, 11, 'Mai Chau District'),
                                                 (122, 11, 'Lac Son District'),
                                                 (123, 11, 'Yen Thuy District'),
                                                 (124, 11, 'Lac Thuy District'),
                                                 (125, 12, 'Thai Nguyen City'),
                                                 (126, 12, 'Song Cong City'),
                                                 (127, 12, 'Dinh Hoa District'),
                                                 (128, 12, 'Phu Luong District'),
                                                 (129, 12, 'Dong Hy District'),
                                                 (130, 12, 'Vo Nhai District'),
                                                 (131, 12, 'Dai Tu District'),
                                                 (132, 12, 'Pho Yen Town'),
                                                 (133, 12, 'Phu Binh District'),
                                                 (134, 13, 'Lang Son City'),
                                                 (135, 13, 'Trang Dinh District'),
                                                 (136, 13, 'Binh Gia District'),
                                                 (137, 13, 'Van Lang District'),
                                                 (138, 13, 'Cao Loc District'),
                                                 (139, 13, 'Van Quan District'),
                                                 (140, 13, 'Bac Son District'),
                                                 (141, 13, 'Huu Lung District'),
                                                 (142, 13, 'Chi Lang District'),
                                                 (143, 13, 'Loc Binh District'),
                                                 (144, 13, 'Dinh Lap District'),
                                                 (145, 14, 'Ha Long City'),
                                                 (146, 14, 'Mong Cai City'),
                                                 (147, 14, 'Cam Pha City'),
                                                 (148, 14, 'Uong Bi City'),
                                                 (149, 14, 'Binh Lieu District'),
                                                 (150, 14, 'Tien Yen District'),
                                                 (151, 14, 'Dam Ha District'),
                                                 (152, 14, 'Hai Ha District'),
                                                 (153, 14, 'Ba Che District'),
                                                 (154, 14, 'Van Don District'),
                                                 (155, 14, 'Dong Trieu Town'),
                                                 (156, 14, 'Quang Yen Town'),
                                                 (157, 14, 'Co To District'),
                                                 (158, 15, 'Bac Giang City'),
                                                 (159, 15, 'Yen The District'),
                                                 (160, 15, 'Tan Yen District'),
                                                 (161, 15, 'Lang Giang District'),
                                                 (162, 15, 'Luc Nam District'),
                                                 (163, 15, 'Luc Ngan District'),
                                                 (164, 15, 'Son Dong District'),
                                                 (165, 15, 'Yen Dung District'),
                                                 (166, 15, 'Viet Yen District'),
                                                 (167, 15, 'Hiep Hoa District'),
                                                 (168, 16, 'Viet Tri City'),
                                                 (169, 16, 'Phu Tho Town'),
                                                 (170, 16, 'Doan Hung District'),
                                                 (171, 16, 'Ha Hoa District'),
                                                 (172, 16, 'Thanh Ba District'),
                                                 (173, 16, 'Phu Ninh District'),
                                                 (174, 16, 'Yen Lap District'),
                                                 (175, 16, 'Cam Khe District'),
                                                 (176, 16, 'Tam Nong District'),
                                                 (177, 16, 'Lam Thao District'),
                                                 (178, 16, 'Thanh Son District'),
                                                 (179, 16, 'Thanh Thuy District'),
                                                 (180, 16, 'Tan Son District'),
                                                 (181, 17, 'Vinh Yen City'),
                                                 (182, 17, 'Phuc Yen City'),
                                                 (183, 17, 'Lap Thach District'),
                                                 (184, 17, 'Tam Duong District'),
                                                 (185, 17, 'Tam Dao District'),
                                                 (186, 17, 'Binh Xuyen District'),
                                                 (187, 17, 'Yen Lac District'),
                                                 (188, 17, 'Vinh Tuong District'),
                                                 (189, 17, 'Song Lo District'),
                                                 (190, 18, 'Bac Ninh City'),
                                                 (191, 18, 'Yen Phong District'),
                                                 (192, 18, 'Que Vo District'),
                                                 (193, 18, 'Tien Du District'),
                                                 (194, 18, 'Tu Son City'),
                                                 (195, 18, 'Thuan Thanh District'),
                                                 (196, 18, 'Gia Binh District'),
                                                 (197, 18, 'Luong Tai District'),
                                                 (198, 19, 'Hai Duong City'),
                                                 (199, 19, 'Chi Linh City'),
                                                 (200, 19, 'Nam Sach District'),
                                                 (201, 19, 'King Mon Town'),
                                                 (202, 19, 'Kim Thanh District'),
                                                 (203, 19, 'Thanh Ha District'),
                                                 (204, 19, 'Cam Giang District'),
                                                 (205, 19, 'Binh Giang District'),
                                                 (206, 19, 'Gia Loc District'),
                                                 (207, 19, 'Tu Ky District'),
                                                 (208, 19, 'Ninh Giang District'),
                                                 (209, 19, 'Thanh Mien District'),
                                                 (210, 20, 'Hong Bang District'),
                                                 (211, 20, 'Ngo Quyen District'),
                                                 (212, 20, 'Le Chan District'),
                                                 (213, 20, 'Hai An District'),
                                                 (214, 20, 'Kien An District'),
                                                 (215, 20, 'Do Son District'),
                                                 (216, 20, 'Duong Kinh District'),
                                                 (217, 20, 'Thuy Nguyen District'),
                                                 (218, 20, 'An Duong District'),
                                                 (219, 20, 'An Lao District'),
                                                 (220, 20, 'Kien Thuy District'),
                                                 (221, 20, 'Tien Lang District'),
                                                 (222, 20, 'Vinh Bao District'),
                                                 (223, 20, 'Cat Hai District'),
                                                 (224, 20, 'Bach Long Vi District'),
                                                 (225, 21, 'Hung Yen City'),
                                                 (226, 21, 'Van Lam District'),
                                                 (227, 21, 'Van Giang District'),
                                                 (228, 21, 'Yen My District'),
                                                 (229, 21, 'My Hao Town'),
                                                 (230, 21, 'An Thi District'),
                                                 (231, 21, ' Khoai Chau District'),
                                                 (232, 21, 'Kim Dong District'),
                                                 (233, 21, 'Tien Lu District'),
                                                 (234, 21, 'Phu Cu District'),
                                                 (235, 22, 'Thai Binh City'),
                                                 (236, 22, 'Quynh Phu District'),
                                                 (237, 22, 'Hung Ha District'),
                                                 (238, 22, 'Dong Hung District'),
                                                 (239, 22, 'Thai Thuy District'),
                                                 (240, 22, 'Tien Hai District'),
                                                 (241, 22, 'Kian Xuong District'),
                                                 (242, 22, 'Vu Thu District'),
                                                 (243, 23, 'Phu Ly City'),
                                                 (244, 23, 'Duy Tien Town'),
                                                 (245, 23, 'Kim Bang District'),
                                                 (246, 23, 'Thanh Liem District'),
                                                 (247, 23, 'Binh Luc District'),
                                                 (248, 23, 'Ly Nhan District'),
                                                 (249, 24, 'Nam Dinh City'),
                                                 (250, 24, 'My Loc District'),
                                                 (251, 24, 'Vu Ban District'),
                                                 (252, 24, 'Y Yen District'),
                                                 (253, 24, 'Nghia Hung District'),
                                                 (254, 24, 'Nam Truc District'),
                                                 (255, 24, 'Truc Ninh District'),
                                                 (256, 24, 'Xuan Truong District'),
                                                 (257, 24, 'Giao Thuy District'),
                                                 (258, 24, 'Hai Hau District'),
                                                 (259, 25, 'Ninh Binh City'),
                                                 (260, 25, 'Tam Diep City'),
                                                 (261, 25, 'Nho Quan District'),
                                                 (262, 25, 'Gia Vien District'),
                                                 (263, 25, 'Hoa Lu District'),
                                                 (264, 25, 'Yen Khanh District'),
                                                 (265, 25, 'Kim Son District'),
                                                 (266, 25, 'Yen Mo District'),
                                                 (267, 26, 'Thanh Hoa City'),
                                                 (268, 26, 'Bim Son Town'),
                                                 (269, 26, 'Sam Son City'),
                                                 (270, 26, 'Muong Lat District'),
                                                 (271, 26, 'Quan Hoa District'),
                                                 (272, 26, 'Ba Thuoc District'),
                                                 (273, 26, 'Quan Son District'),
                                                 (274, 26, 'Lang Chanh District'),
                                                 (275, 26, 'Ngoc Lac District'),
                                                 (276, 26, 'Cam Thuy District'),
                                                 (277, 26, 'Thach Thanh District'),
                                                 (278, 26, 'Ha Trung District'),
                                                 (279, 26, 'Vinh Loc District'),
                                                 (280, 26, 'Yen Dinh District'),
                                                 (281, 26, 'Tho Xuan District'),
                                                 (282, 26, 'Thuong Xuan District'),
                                                 (283, 26, 'Trieu Son District'),
                                                 (284, 26, 'Thieu Hoa District'),
                                                 (285, 26, 'Hoang Hoa District'),
                                                 (286, 26, 'Hau Loc District'),
                                                 (287, 26, 'Nga Son District'),
                                                 (288, 26, 'Nhu Xuan District'),
                                                 (289, 26, 'Nhu Thanh District'),
                                                 (290, 26, 'Nong Cong District'),
                                                 (291, 26, 'Dong Son District'),
                                                 (292, 26, 'Quang Xuong District'),
                                                 (293, 26, 'Nghi Son Town'),
                                                 (294, 27, 'Vinh City'),
                                                 (295, 27, 'Cua Lo Town'),
                                                 (296, 27, 'Thai Hoa Town'),
                                                 (297, 27, 'Que Phong District'),
                                                 (298, 27, 'Quy Chau District'),
                                                 (299, 27, 'Ky Son District'),
                                                 (300, 27, 'Tuong Duong District'),
                                                 (301, 27, 'Nghia Dan District'),
                                                 (302, 27, 'Quy Hop District'),
                                                 (303, 27, 'Quynh Luu District'),
                                                 (304, 27, 'Con Cuong District'),
                                                 (305, 27, 'Tan Ky District'),
                                                 (306, 27, 'Anh Son District'),
                                                 (307, 27, 'Dien Chau District'),
                                                 (308, 27, 'Yen Thanh District'),
                                                 (309, 27, 'Do Luong District'),
                                                 (310, 27, 'Thanh Chuong District'),
                                                 (311, 27, 'Nghi Loc District'),
                                                 (312, 27, 'Nam Dan District'),
                                                 (313, 27, 'Hung Nguyen District'),
                                                 (314, 27, 'Hoang Mai Town'),
                                                 (315, 28, 'Ha Tinh City'),
                                                 (316, 28, 'Hong Linh Town'),
                                                 (317, 28, 'Huong Son District'),
                                                 (318, 28, 'Duc Tho District'),
                                                 (319, 28, 'Vu Quang District'),
                                                 (320, 28, 'Nghi Xuan District'),
                                                 (321, 28, 'Can Loc District'),
                                                 (322, 28, 'Huong Khe District'),
                                                 (323, 28, 'Thach Ha District'),
                                                 (324, 28, 'Cam Xuyen District'),
                                                 (325, 28, 'Ky Anh District'),
                                                 (326, 28, 'Loc Ha District'),
                                                 (327, 28, 'Ky Anh Town'),
                                                 (328, 29, 'Dong Hoi City'),
                                                 (329, 29, 'Minh Hoa District'),
                                                 (330, 29, 'Tuyen Hoa District'),
                                                 (331, 29, 'Quang Trach District'),
                                                 (332, 29, 'Bo Trach District'),
                                                 (333, 29, 'Quang Ninh District'),
                                                 (334, 29, 'Le Thuy District'),
                                                 (335, 29, 'Ba Don Town'),
                                                 (336, 30, 'Dong Ha City'),
                                                 (337, 30, 'Quang Tri Town'),
                                                 (338, 30, 'Vinh Linh District'),
                                                 (339, 30, 'Huong Hoa District'),
                                                 (340, 30, 'Gio Linh District'),
                                                 (341, 30, 'Da Krong District'),
                                                 (342, 30, 'Cam Lo District'),
                                                 (343, 30, 'Trieu Phong District'),
                                                 (344, 30, 'Hai Lang District'),
                                                 (345, 30, 'Con Co District'),
                                                 (346, 31, 'Hue City'),
                                                 (347, 31, 'Phong Dien District'),
                                                 (348, 31, 'Quang Dien District'),
                                                 (349, 31, 'Phu Vang District'),
                                                 (350, 31, 'Huong Thuy Town'),
                                                 (351, 31, 'Huong Tra Town'),
                                                 (352, 31, 'A Luoi District'),
                                                 (353, 31, 'Phu Loc District'),
                                                 (354, 31, 'Nam Dong District'),
                                                 (355, 32, 'Lien Chieu District'),
                                                 (356, 32, 'Thanh Khe District'),
                                                 (357, 32, 'Hai Chau District'),
                                                 (358, 32, 'Son Tra District'),
                                                 (359, 32, 'Ngu Hanh Son District'),
                                                 (360, 32, 'Cam Le District'),
                                                 (361, 32, 'Hoa Vang District'),
                                                 (362, 32, 'Hoang Sa District'),
                                                 (363, 33, 'Tam Ky City'),
                                                 (364, 33, 'Hoi An City'),
                                                 (365, 33, 'Tay Giang District'),
                                                 (366, 33, 'Dong Giang District'),
                                                 (367, 33, 'Dai Loc District'),
                                                 (368, 33, 'Dien Ban Town'),
                                                 (369, 33, 'Duy Xuyen District'),
                                                 (370, 33, 'Que Son District'),
                                                 (371, 33, 'Nam Giang District'),
                                                 (372, 33, 'Phuoc Son District'),
                                                 (373, 33, 'Hiep Duc District'),
                                                 (374, 33, 'Thang Binh District'),
                                                 (375, 33, 'Tien Phuoc District'),
                                                 (376, 33, 'Bac Tra My District'),
                                                 (377, 33, 'Nam Tra My District'),
                                                 (378, 33, 'Nui Thanh District'),
                                                 (379, 33, 'Phu Ninh District'),
                                                 (380, 33, 'Nong Son District'),
                                                 (381, 34, 'Quang Ngai City'),
                                                 (382, 34, 'Binh Son District'),
                                                 (383, 34, 'Tra Bong District'),
                                                 (384, 34, 'Son Tinh District'),
                                                 (385, 34, 'Tu Nghia District'),
                                                 (386, 34, 'Son Ha District'),
                                                 (387, 34, 'Son Tay District'),
                                                 (388, 34, 'Minh Long District'),
                                                 (389, 34, 'Nghia Hanh District'),
                                                 (390, 34, 'Mo Duc District'),
                                                 (391, 34, 'Duc Pho Town'),
                                                 (392, 34, 'Ba To District'),
                                                 (393, 34, 'Ly Son District'),
                                                 (394, 35, 'Quy Nhon City'),
                                                 (395, 35, 'An Lao District'),
                                                 (396, 35, 'Hoai Nhon Town'),
                                                 (397, 35, 'Hoai An District'),
                                                 (398, 35, 'Phu My District'),
                                                 (399, 35, 'Vinh Thanh District'),
                                                 (400, 35, 'Tay Son District'),
                                                 (401, 35, 'Phu Cat District'),
                                                 (402, 35, 'An Nhon Town'),
                                                 (403, 35, 'Tuy Phuoc District'),
                                                 (404, 35, 'Van Canh District'),
                                                 (405, 36, 'Tuy Hoa City'),
                                                 (406, 36, 'Song Cau Town'),
                                                 (407, 36, 'Dong Xuan District'),
                                                 (408, 36, 'Tuy An District'),
                                                 (409, 36, 'Son Hoa District'),
                                                 (410, 36, 'Song Hinh District'),
                                                 (411, 36, 'Tay Hoa District'),
                                                 (412, 36, 'Phu Hoa District'),
                                                 (413, 36, 'Dong Hoa Town'),
                                                 (414, 37, 'Nha Trang City'),
                                                 (415, 37, 'Cam Ranh City'),
                                                 (416, 37, 'Cam Lam District'),
                                                 (417, 37, 'Van Ninh District'),
                                                 (418, 37, 'Ninh Hoa Town'),
                                                 (419, 37, 'Khanh Vinh District'),
                                                 (420, 37, 'Dien Khanh District'),
                                                 (421, 37, 'Khanh Son District'),
                                                 (422, 37, 'Truong Sa District'),
                                                 (423, 38, 'Phan Rang-Thap Cham City'),
                                                 (424, 38, 'Bac Ai District'),
                                                 (425, 38, 'Ninh Son District'),
                                                 (426, 38, 'Ninh Hai District'),
                                                 (427, 38, 'Ninh Phuoc District'),
                                                 (428, 38, 'Thuan Bac District'),
                                                 (429, 38, 'Thuan Nam District'),
                                                 (430, 39, 'Phan Thiet City'),
                                                 (431, 39, 'La Gi Town'),
                                                 (432, 39, 'Tuy Phong District'),
                                                 (433, 39, 'Bac Binh District'),
                                                 (434, 39, 'Ham Thuan Bac District'),
                                                 (435, 39, 'Ham Thuan Nam District'),
                                                 (436, 39, 'Tanh Linh District'),
                                                 (437, 39, 'Duc Linh District'),
                                                 (438, 39, 'Ham Tan District'),
                                                 (439, 39, 'Phu Qui District'),
                                                 (440, 40, 'Kon Tum City'),
                                                 (441, 40, 'Dak Glei District'),
                                                 (442, 40, 'Ngoc Hoi District'),
                                                 (443, 40, 'Dak To District'),
                                                 (444, 40, 'Kon Plong District'),
                                                 (445, 40, 'Kon Ray District'),
                                                 (446, 40, 'Dak Ha District'),
                                                 (447, 40, 'Sa Thay District'),
                                                 (448, 40, 'Tu Mo Rong District'),
                                                 (449, 40, 'Ia H District'' Drai'),
                                                 (450, 41, 'Pleiku City'),
                                                 (451, 41, 'An Khe Town'),
                                                 (452, 41, 'Ayun Pa Town'),
                                                 (453, 41, 'KBang District'),
                                                 (454, 41, 'Dak Doa District'),
                                                 (455, 41, 'Chu Pah District'),
                                                 (456, 41, 'Ia Grai District'),
                                                 (457, 41, 'Mang Yang District'),
                                                 (458, 41, 'Kong Chro District'),
                                                 (459, 41, 'Duc Co District'),
                                                 (460, 41, 'Chu Prong District'),
                                                 (461, 41, 'Chu Se District'),
                                                 (462, 41, 'Dak Po District'),
                                                 (463, 41, 'Ia Pa District'),
                                                 (464, 41, 'Krong Pa District'),
                                                 (465, 41, 'Phu Thien District'),
                                                 (466, 41, 'Chu Puh District'),
                                                 (467, 42, 'Buon Ma Thuot City'),
                                                 (468, 42, 'Buon Ho Town'),
                                                 (469, 42, 'Ea H''leo District'),
                                                 (470, 42, 'Ea Sup District'),
                                                 (471, 42, 'Buon Don District'),
                                                 (472, 42, 'Cu M''gar District'),
                                                 (473, 42, 'Krong Buk District'),
                                                 (474, 42, 'Krong Nang District'),
                                                 (475, 42, 'Ea Kar District'),
                                                 (476, 42, 'M''Drak District'),
                                                 (477, 42, 'Krong Bong District'),
                                                 (478, 42, 'Krong Pac District'),
                                                 (479, 42, 'Krong A Na District'),
                                                 (480, 42, 'Lak District'),
                                                 (481, 42, 'Cu Kuin District'),
                                                 (482, 43, 'Gia Nghia City'),
                                                 (483, 43, 'Dak Glong District'),
                                                 (484, 43, 'Cu Jut District'),
                                                 (485, 43, 'Dak Mil District'),
                                                 (486, 43, 'Krong No District'),
                                                 (487, 43, 'Dak Song District'),
                                                 (488, 43, 'Dak R''Lap District'),
                                                 (489, 43, 'Tuy Duc District'),
                                                 (490, 44, 'Da Lat City'),
                                                 (491, 44, 'Bao Loc City'),
                                                 (492, 44, 'Dam Rong District'),
                                                 (493, 44, 'Lac Duong District'),
                                                 (494, 44, 'Lam Ha District'),
                                                 (495, 44, 'Don Duong District'),
                                                 (496, 44, 'Duc Trong District'),
                                                 (497, 44, 'Di Linh District'),
                                                 (498, 44, 'Bao Lam District'),
                                                 (499, 44, 'Da Huoai District'),
                                                 (500, 44, 'Da Teh District'),
                                                 (501, 44, 'Cat Tien District'),
                                                 (502, 45, 'Phuoc Long Town'),
                                                 (503, 45, 'Dong Xoai City'),
                                                 (504, 45, 'Binh Long Town'),
                                                 (505, 45, 'Bu Gia Map District'),
                                                 (506, 45, 'Loc Ninh District'),
                                                 (507, 45, 'Bu Dop District'),
                                                 (508, 45, 'Hon Quan District'),
                                                 (509, 45, 'Dong Phu District'),
                                                 (510, 45, 'Bu Dang District'),
                                                 (511, 45, 'Chon Thanh District'),
                                                 (512, 45, 'Phu Rieng District'),
                                                 (513, 46, 'Tay Ninh City'),
                                                 (514, 46, 'Tan Bien District'),
                                                 (515, 46, 'Tan Chau District'),
                                                 (516, 46, 'Duong Minh Chau District'),
                                                 (517, 46, 'Chau Thanh District'),
                                                 (518, 46, 'Hoa Thanh Town'),
                                                 (519, 46, 'Go Dau District'),
                                                 (520, 46, 'Ben Cau District'),
                                                 (521, 46, 'Trang Bang Town'),
                                                 (522, 47, 'Thu Dau Mot City'),
                                                 (523, 47, 'Bau Bang District'),
                                                 (524, 47, 'Dau Tieng District'),
                                                 (525, 47, 'Ben Cat Town'),
                                                 (526, 47, 'Phu Giao District'),
                                                 (527, 47, 'Tan Uyen Town'),
                                                 (528, 47, 'Di An City'),
                                                 (529, 47, 'Thuan An City'),
                                                 (530, 47, 'Bac Tan Uyen District'),
                                                 (531, 48, 'Bien Hoa City'),
                                                 (532, 48, 'Long Khanh City'),
                                                 (533, 48, 'Tan Phu District'),
                                                 (534, 48, 'Vinh Cuu District'),
                                                 (535, 48, 'Dinh Quan District'),
                                                 (536, 48, 'Trang Bom District'),
                                                 (537, 48, 'Thong Nhat District'),
                                                 (538, 48, 'Cam My District'),
                                                 (539, 48, 'Long Thanh District'),
                                                 (540, 48, 'Xuan Loc District'),
                                                 (541, 48, 'Nhon Trach District'),
                                                 (542, 49, 'Vung Tau City'),
                                                 (543, 49, 'Ba Ria City'),
                                                 (544, 49, 'Chau Duc District'),
                                                 (545, 49, 'Xyen Moc District'),
                                                 (546, 49, 'Long Dien District'),
                                                 (547, 49, 'Dat Do District'),
                                                 (548, 49, 'Phu My Town'),
                                                 (549, 49, 'Con Dao District'),
                                                 (550, 50, 'District 1'),
                                                 (551, 50, 'District 12'),
                                                 (552, 50, 'Go Vap District'),
                                                 (553, 50, 'Binh Thanh District'),
                                                 (554, 50, 'Tan Binh District'),
                                                 (555, 50, 'Tan Phu District'),
                                                 (556, 50, 'Phu Nhuan District'),
                                                 (557, 50, 'Thu Duc City'),
                                                 (558, 50, 'District 3'),
                                                 (559, 50, 'District 10'),
                                                 (560, 50, 'District 11'),
                                                 (561, 50, 'District 4'),
                                                 (562, 50, 'District 5'),
                                                 (563, 50, 'District 6'),
                                                 (564, 50, 'District 8'),
                                                 (565, 50, 'Binh Tan District'),
                                                 (566, 50, 'District 7'),
                                                 (567, 50, 'Cu Chi District'),
                                                 (568, 50, 'Hoc Mon District'),
                                                 (569, 50, 'Binh Chanh District'),
                                                 (570, 50, 'Nha Be District'),
                                                 (571, 50, 'Can Gio District'),
                                                 (572, 51, 'Tan An City'),
                                                 (573, 51, 'Ken Tuong Town'),
                                                 (574, 51, 'Tan Hung District'),
                                                 (575, 51, 'Vinh Hung District'),
                                                 (576, 51, 'Moc Hoa District'),
                                                 (577, 51, 'Tan Thanh District'),
                                                 (578, 51, 'Thanh Hoa District'),
                                                 (579, 51, 'Duc Hue District'),
                                                 (580, 51, 'Duc Hoa District'),
                                                 (581, 51, 'Ben Luc District'),
                                                 (582, 51, 'Thu Thua District'),
                                                 (583, 51, 'Tan Tru District'),
                                                 (584, 51, 'Can Duoc District'),
                                                 (585, 51, 'Can Giuoc District'),
                                                 (586, 51, 'Chau Thanh District'),
                                                 (587, 52, 'My Tho City'),
                                                 (588, 52, 'Go Cong Town'),
                                                 (589, 52, 'Cai Lay Town'),
                                                 (590, 52, 'Tan Phuoc District'),
                                                 (591, 52, 'Cai Be District'),
                                                 (592, 52, 'Cai Lay District'),
                                                 (593, 52, 'Chau Thanh District'),
                                                 (594, 52, 'Cho Gao District'),
                                                 (595, 52, 'Go Cong Tay District'),
                                                 (596, 52, 'Go Cong Dong District'),
                                                 (597, 52, 'Tan Phu Dong District'),
                                                 (598, 53, 'Ben Tre City'),
                                                 (599, 53, 'Chau Thanh District'),
                                                 (600, 53, 'Cho Lach District'),
                                                 (601, 53, 'Mo Cay Nam District'),
                                                 (602, 53, 'Giong Trom District'),
                                                 (603, 53, 'Binh Dai District'),
                                                 (604, 53, 'Ba Tri District'),
                                                 (605, 53, 'Thanh Phu District'),
                                                 (606, 53, 'Mo Cay Bac District'),
                                                 (607, 54, 'Tra Vinh City'),
                                                 (608, 54, 'Cang Long District'),
                                                 (609, 54, 'Cau Ke District'),
                                                 (610, 54, 'Tieu Can District'),
                                                 (611, 54, 'Chau Thanh District'),
                                                 (612, 54, 'Cau Ngang District'),
                                                 (613, 54, 'Tra Cu District'),
                                                 (614, 54, 'Duyen Hai District'),
                                                 (615, 54, 'Duyen Hai Town'),
                                                 (616, 55, 'Vinh Long City'),
                                                 (617, 55, 'Long Ho District'),
                                                 (618, 55, 'Mang Thit District'),
                                                 (619, 55, 'Vung Liem District'),
                                                 (620, 55, 'Tam Binh District'),
                                                 (621, 55, 'Binh Minh Town'),
                                                 (622, 55, 'Tra On District'),
                                                 (623, 55, 'Binh Tan District'),
                                                 (624, 56, 'Cao Lanh City'),
                                                 (625, 56, 'Sa Dec City'),
                                                 (626, 56, 'Hong Ngu City'),
                                                 (627, 56, 'Tan Hong District'),
                                                 (628, 56, 'Hong Ngu District'),
                                                 (629, 56, 'Tam Nong District'),
                                                 (630, 56, 'Thap Muoi District'),
                                                 (631, 56, 'Cao Lanh District'),
                                                 (632, 56, 'Thanh Binh District'),
                                                 (633, 56, 'Lap Vo District'),
                                                 (634, 56, 'Lai Vung District'),
                                                 (635, 56, 'Chau Thanh District'),
                                                 (636, 57, 'Long Xuyen City'),
                                                 (637, 57, 'Chau Doc City'),
                                                 (638, 57, 'An Phu District'),
                                                 (639, 57, 'Tan Chau Town'),
                                                 (640, 57, 'Phu Tan District'),
                                                 (641, 57, 'Chau Phu District'),
                                                 (642, 57, 'Tinh Bien District'),
                                                 (643, 57, 'Tri Ton District'),
                                                 (644, 57, 'Chau Thanh District'),
                                                 (645, 57, 'Cho Moi District'),
                                                 (646, 57, 'Thoi Son District'),
                                                 (647, 58, 'Rach Gia City'),
                                                 (648, 58, 'Ha Tien City'),
                                                 (649, 58, 'Kien Luong District'),
                                                 (650, 58, 'Hon Dat District'),
                                                 (651, 58, 'Tan Hiep District'),
                                                 (652, 58, 'Chau Thanh District'),
                                                 (653, 58, 'Giong Rieng District'),
                                                 (654, 58, 'Go Quao District'),
                                                 (655, 58, 'An Bien District'),
                                                 (656, 58, 'An Minh District'),
                                                 (657, 58, 'Vinh Thuan District'),
                                                 (658, 58, 'Phu Quoc City'),
                                                 (659, 58, 'Kien Hai District'),
                                                 (660, 58, 'U Minh Thuong District'),
                                                 (661, 58, 'Giang Thanh District'),
                                                 (662, 59, 'Ninh Kieu District'),
                                                 (663, 59, 'O Mon District'),
                                                 (664, 59, 'Binh Thuy District'),
                                                 (665, 59, 'Cai Rang District'),
                                                 (666, 59, 'Thot Not District'),
                                                 (667, 59, 'Vinh Thanh District'),
                                                 (668, 59, 'Co Do District'),
                                                 (669, 59, 'Phong Dien District'),
                                                 (670, 59, 'Thoi Lai District'),
                                                 (671, 60, 'Vi Thanh City'),
                                                 (672, 60, 'Nga Bay City'),
                                                 (673, 60, 'Chau Thanh A District'),
                                                 (674, 60, 'Chau Thanh District'),
                                                 (675, 60, 'Phung Hiep District'),
                                                 (676, 60, 'Vi Thuy District'),
                                                 (677, 60, 'Long My District'),
                                                 (678, 60, 'Long My Town'),
                                                 (679, 61, 'Soc Trang City'),
                                                 (680, 61, 'Chau Thanh District'),
                                                 (681, 61, 'Ke Sach District'),
                                                 (682, 61, 'My Tu District'),
                                                 (683, 61, 'Cu Lao Dung District'),
                                                 (684, 61, 'Long Phu District'),
                                                 (685, 61, 'My Xuyen District'),
                                                 (686, 61, 'Nga Nam Town'),
                                                 (687, 61, 'Thanh Tri District'),
                                                 (688, 61, 'Vinh Chau Town'),
                                                 (689, 61, 'Tran De District'),
                                                 (690, 62, 'Bac Lieu City'),
                                                 (691, 62, 'Hong Dan District'),
                                                 (692, 62, 'Phuoc Long District'),
                                                 (693, 62, 'Vinh Loi District'),
                                                 (694, 62, 'Gia Rai Town'),
                                                 (695, 62, 'Dong Hai District'),
                                                 (696, 62, 'Hoa Binh District'),
                                                 (697, 63, 'Ca Mau City'),
                                                 (698, 63, 'U Minh District'),
                                                 (699, 63, 'Thoi Binh District'),
                                                 (700, 63, 'Tran Van Thoi District'),
                                                 (701, 63, 'Cai Nuoc District'),
                                                 (702, 63, 'Dam Doi District'),
                                                 (703, 63, 'Nam Can District'),
                                                 (704, 63, 'Phu Tan District'),
                                                 (705, 63, 'Ngoc Hien District');

***************************************************
INSERT INTO type (name) VALUES
                                ('chung c'),
                                ('t nn');
***************************************************

INSERT INTO project (name, description, thumbnail, address, status, start_date, end_date, qr_img, bank_number, bank_name, host_bank, investor, investor_phone, type_id, district_id)
VALUES ('Project A', 'Description of Project A', 'thumbnail_url_a.jpg', '123 Main Street, City A', 0, '2024-01-01', '2025-01-01', 'qr_img', '19036967209010', 'Vietcombank','Nguyen Van A','Tp on Vingroup','02439749999', 1, 1),
       ('Project B', 'Description of Project B', 'thumbnail_url_b.jpg', '456 Elm Street, City B',  0,'2024-02-01', '2024-12-31',  'qr_img', '19036967209010', 'Vietcombank','Nguyen Van A','Tp on Vingroup','02439749999', 2, 2),
       ('Project C', 'Description of Project C', 'thumbnail_url_c.jpg', '789 Oak Street, City C',  0,'2024-03-01', '2024-12-31',  'qr_img', '19036967209010', 'Vietcombank','Nguyen Van A','Tp on Vingroup','02439749999', 1, 3),
       ('Project D', 'Description of Project D', 'thumbnail_url_d.jpg', '123 Main Street, City A', 0, '2024-01-01', '2025-01-01', 'qr_img', '19036967209010', 'Vietcombank','Nguyen Van A','Tp on Vingroup','02439749999', 2, 1),
       ('Project E', 'Description of Project E', 'thumbnail_url_e.jpg', '456 Elm Street, City B',  0,'2024-02-01', '2024-12-31',  'qr_img', '19036967209010', 'Vietcombank','Nguyen Van A','Tp on Vingroup','02439749999', 1, 2),
       ('Project F', 'Description of Project F', 'thumbnail_url_f.jpg', '789 Oak Street, City C',  0,'2024-03-01', '2024-12-31',  'qr_img', '19036967209010', 'Vietcombank','Nguyen Van A','Tp on Vingroup','02439749999', 2, 3);


****************************************************

INSERT INTO area (name, project_id)
VALUES
    ('Area 1', '6ab4bcb0-fe29-11ee-9868-90e868d8964c'),
    ('Area 2', '6ab4bcb0-fe29-11ee-9868-90e868d8964c'),
    ('Area 3', '6ab4bcb0-fe29-11ee-9868-90e868d8964c'),

    ('Area 1', '6ab4cce3-fe29-11ee-9868-90e868d8964c'),
    ('Area 2', '6ab4cce3-fe29-11ee-9868-90e868d8964c'),
    ('Area 3', '6ab4cce3-fe29-11ee-9868-90e868d8964c'),

    ('Area 1', '6ab4cdee-fe29-11ee-9868-90e868d8964c'),
    ('Area 2', '6ab4cdee-fe29-11ee-9868-90e868d8964c'),
    ('Area 3', '6ab4cdee-fe29-11ee-9868-90e868d8964c'),

    ('Area 1', '6ab4ce6e-fe29-11ee-9868-90e868d8964c'),
    ('Area 2', '6ab4ce6e-fe29-11ee-9868-90e868d8964c'),
    ('Area 3', '6ab4ce6e-fe29-11ee-9868-90e868d8964c'),

    ('Area 1', '6ab4cedc-fe29-11ee-9868-90e868d8964c'),
    ('Area 2', '6ab4cedc-fe29-11ee-9868-90e868d8964c'),
    ('Area 3', '6ab4cedc-fe29-11ee-9868-90e868d8964c'),

    ('Area 1', '6ab4cf4e-fe29-11ee-9868-90e868d8964c'),
    ('Area 2', '6ab4cf4e-fe29-11ee-9868-90e868d8964c'),
    ('Area 3', '6ab4cf4e-fe29-11ee-9868-90e868d8964c');

INSERT INTO land (id, name, description, thumbnail, status, address, price, deposit, acreage, area_id)
VALUES  (UUID(), 'Land 1', 'Description of Land 1', 'thumbnail.jpg', 0, 'Address of Land', 30.00, 30.00, 100, 'c038d81f-fe29-11ee-9868-90e868d8964c'),
        (UUID(), 'Land 2', 'Description of Land 2', 'thumbnail.jpg', 0, 'Address of Land', 30.00, 30.00, 100, 'c038d81f-fe29-11ee-9868-90e868d8964c'),
        (UUID(), 'Land 3', 'Description of Land 3', 'thumbnail.jpg', 0, 'Address of Land', 30.00, 30.00, 100, 'c038d81f-fe29-11ee-9868-90e868d8964c'),
        (UUID(), 'Land 4', 'Description of Land 4', 'thumbnail.jpg', 0, 'Address of Land', 30.00, 30.00, 100, 'c038d81f-fe29-11ee-9868-90e868d8964c'),
        (UUID(), 'Land 5', 'Description of Land 5', 'thumbnail.jpg', 0, 'Address of Land', 30.00, 30.00, 100, 'c038d81f-fe29-11ee-9868-90e868d8964c'),
        (UUID(), 'Land 6', 'Description of Land 6', 'thumbnail.jpg', 0, 'Address of Land', 30.00, 30.00, 100, 'c038d81f-fe29-11ee-9868-90e868d8964c'),
        (UUID(), 'Land 7', 'Description of Land 7', 'thumbnail.jpg', 0, 'Address of Land', 30.00, 30.00, 100, 'c038d81f-fe29-11ee-9868-90e868d8964c'),
        (UUID(), 'Land 8', 'Description of Land 8', 'thumbnail.jpg', 0, 'Address of Land', 30.00, 30.00, 100, 'c038d81f-fe29-11ee-9868-90e868d8964c'),

        (UUID(), 'Land 1', 'Description of Land 1', 'thumbnail.jpg', 0, 'Address of Land', 25.00, 25.00, 90, 'c038edf9-fe29-11ee-9868-90e868d8964c'),
        (UUID(), 'Land 2', 'Description of Land 2', 'thumbnail.jpg', 0, 'Address of Land', 25.00, 25.00, 90, 'c038edf9-fe29-11ee-9868-90e868d8964c'),
        (UUID(), 'Land 3', 'Description of Land 3', 'thumbnail.jpg', 0, 'Address of Land', 25.00, 25.00, 90, 'c038edf9-fe29-11ee-9868-90e868d8964c'),
        (UUID(), 'Land 4', 'Description of Land 4', 'thumbnail.jpg', 0, 'Address of Land', 25.00, 25.00, 90, 'c038edf9-fe29-11ee-9868-90e868d8964c'),
        (UUID(), 'Land 5', 'Description of Land 5', 'thumbnail.jpg', 0, 'Address of Land', 25.00, 25.00, 90, 'c038edf9-fe29-11ee-9868-90e868d8964c'),
        (UUID(), 'Land 6', 'Description of Land 6', 'thumbnail.jpg', 0, 'Address of Land', 25.00, 25.00, 90, 'c038edf9-fe29-11ee-9868-90e868d8964c'),
        (UUID(), 'Land 7', 'Description of Land 7', 'thumbnail.jpg', 0, 'Address of Land', 25.00, 25.00, 90, 'c038edf9-fe29-11ee-9868-90e868d8964c'),
        (UUID(), 'Land 8', 'Description of Land 8', 'thumbnail.jpg', 0, 'Address of Land', 25.00, 25.00, 90, 'c038edf9-fe29-11ee-9868-90e868d8964c'),


        (UUID(), 'Land 1', 'Description of Land 1', 'thumbnail.jpg', 0, 'Address of Land', 27.30, 25.00, 150, 'c038eedf-fe29-11ee-9868-90e868d8964c'),
        (UUID(), 'Land 2', 'Description of Land 2', 'thumbnail.jpg', 0, 'Address of Land', 27.30, 25.00, 150, 'c038eedf-fe29-11ee-9868-90e868d8964c'),
        (UUID(), 'Land 3', 'Description of Land 3', 'thumbnail.jpg', 0, 'Address of Land', 27.30, 25.00, 150, 'c038eedf-fe29-11ee-9868-90e868d8964c'),
        (UUID(), 'Land 4', 'Description of Land 4', 'thumbnail.jpg', 0, 'Address of Land', 27.30, 25.00, 150, 'c038eedf-fe29-11ee-9868-90e868d8964c'),
        (UUID(), 'Land 5', 'Description of Land 5', 'thumbnail.jpg', 0, 'Address of Land', 27.30, 25.00, 150, 'c038eedf-fe29-11ee-9868-90e868d8964c'),
        (UUID(), 'Land 6', 'Description of Land 6', 'thumbnail.jpg', 0, 'Address of Land', 27.30, 25.00, 150, 'c038eedf-fe29-11ee-9868-90e868d8964c'),
        (UUID(), 'Land 7', 'Description of Land 7', 'thumbnail.jpg', 0, 'Address of Land', 27.30, 25.00, 150, 'c038eedf-fe29-11ee-9868-90e868d8964c'),
        (UUID(), 'Land 8', 'Description of Land 8', 'thumbnail.jpg', 0, 'Address of Land', 27.30, 25.00, 150, 'c038eedf-fe29-11ee-9868-90e868d8964c'),

        (UUID(), 'Land 1', 'Description of Land 1', 'thumbnail.jpg', 0, 'Address of Land', 23.00, 23.00, 150, 'c038efdc-fe29-11ee-9868-90e868d8964c'),
        (UUID(), 'Land 2', 'Description of Land 2', 'thumbnail.jpg', 0, 'Address of Land', 23.00, 23.00, 150, 'c038efdc-fe29-11ee-9868-90e868d8964c'),
        (UUID(), 'Land 3', 'Description of Land 3', 'thumbnail.jpg', 0, 'Address of Land', 23.00, 23.00, 150, 'c038efdc-fe29-11ee-9868-90e868d8964c'),
        (UUID(), 'Land 4', 'Description of Land 4', 'thumbnail.jpg', 0, 'Address of Land', 23.00, 23.00, 150, 'c038efdc-fe29-11ee-9868-90e868d8964c'),
        (UUID(), 'Land 5', 'Description of Land 5', 'thumbnail.jpg', 0, 'Address of Land', 23.00, 23.00, 150, 'c038efdc-fe29-11ee-9868-90e868d8964c'),
        (UUID(), 'Land 6', 'Description of Land 6', 'thumbnail.jpg', 0, 'Address of Land', 23.00, 23.00, 150, 'c038efdc-fe29-11ee-9868-90e868d8964c'),
        (UUID(), 'Land 7', 'Description of Land 7', 'thumbnail.jpg', 0, 'Address of Land', 23.00, 23.00, 150, 'c038efdc-fe29-11ee-9868-90e868d8964c'),
        (UUID(), 'Land 8', 'Description of Land 8', 'thumbnail.jpg', 0, 'Address of Land', 23.00, 23.00, 150, 'c038efdc-fe29-11ee-9868-90e868d8964c'),

        (UUID(), 'Land 1', 'Description of Land 1', 'thumbnail.jpg', 0, 'Address of Land', 33.00, 33.00, 150, 'c038f04a-fe29-11ee-9868-90e868d8964c'),
        (UUID(), 'Land 2', 'Description of Land 2', 'thumbnail.jpg', 0, 'Address of Land', 33.00, 33.00, 150, 'c038f04a-fe29-11ee-9868-90e868d8964c'),
        (UUID(), 'Land 3', 'Description of Land 3', 'thumbnail.jpg', 0, 'Address of Land', 33.00, 33.00, 150, 'c038f04a-fe29-11ee-9868-90e868d8964c'),
        (UUID(), 'Land 4', 'Description of Land 4', 'thumbnail.jpg', 0, 'Address of Land', 33.00, 33.00, 150, 'c038f04a-fe29-11ee-9868-90e868d8964c'),
        (UUID(), 'Land 5', 'Description of Land 5', 'thumbnail.jpg', 0, 'Address of Land', 33.00, 33.00, 150, 'c038f04a-fe29-11ee-9868-90e868d8964c'),
        (UUID(), 'Land 6', 'Description of Land 6', 'thumbnail.jpg', 0, 'Address of Land', 33.00, 33.00, 150, 'c038f04a-fe29-11ee-9868-90e868d8964c'),
        (UUID(), 'Land 7', 'Description of Land 7', 'thumbnail.jpg', 0, 'Address of Land', 33.00, 33.00, 150, 'c038f04a-fe29-11ee-9868-90e868d8964c'),
        (UUID(), 'Land 8', 'Description of Land 8', 'thumbnail.jpg', 0, 'Address of Land', 33.00, 33.00, 150, 'c038f04a-fe29-11ee-9868-90e868d8964c'),
        (UUID(), 'Land 9', 'Description of Land 9', 'thumbnail.jpg', 0, 'Address of Land', 33.00, 33.00, 150, 'c038f04a-fe29-11ee-9868-90e868d8964c'),


        (UUID(), 'Land 1', 'Description of Land 1', 'thumbnail.jpg', 0, 'Address of Land', 27.00, 27.00, 150, 'c038f0fc-fe29-11ee-9868-90e868d8964c'),
        (UUID(), 'Land 2', 'Description of Land 2', 'thumbnail.jpg', 0, 'Address of Land', 27.00, 27.00, 150, 'c038f0fc-fe29-11ee-9868-90e868d8964c'),
        (UUID(), 'Land 3', 'Description of Land 3', 'thumbnail.jpg', 0, 'Address of Land', 27.00, 27.00, 150, 'c038f0fc-fe29-11ee-9868-90e868d8964c'),
        (UUID(), 'Land 4', 'Description of Land 4', 'thumbnail.jpg', 0, 'Address of Land', 27.00, 27.00, 150, 'c038f0fc-fe29-11ee-9868-90e868d8964c'),
        (UUID(), 'Land 5', 'Description of Land 5', 'thumbnail.jpg', 0, 'Address of Land', 27.00, 27.00, 150, 'c038f0fc-fe29-11ee-9868-90e868d8964c'),
        (UUID(), 'Land 6', 'Description of Land 6', 'thumbnail.jpg', 0, 'Address of Land', 27.00, 27.00, 150, 'c038f0fc-fe29-11ee-9868-90e868d8964c'),
        (UUID(), 'Land 7', 'Description of Land 7', 'thumbnail.jpg', 0, 'Address of Land', 27.00, 27.00, 150, 'c038f0fc-fe29-11ee-9868-90e868d8964c'),
        (UUID(), 'Land 8', 'Description of Land 8', 'thumbnail.jpg', 0, 'Address of Land', 27.00, 27.00, 150, 'c038f0fc-fe29-11ee-9868-90e868d8964c'),
        (UUID(), 'Land 9', 'Description of Land 9', 'thumbnail.jpg', 0, 'Address of Land', 27.00, 27.00, 150, 'c038f0fc-fe29-11ee-9868-90e868d8964c'),


        (UUID(), 'Land 1', 'Description of Land 1', 'thumbnail.jpg', 0, 'Address of Land', 38.00, 30.00, 100, 'c038f1ea-fe29-11ee-9868-90e868d8964c'),
        (UUID(), 'Land 2', 'Description of Land 2', 'thumbnail.jpg', 0, 'Address of Land', 38.00, 30.00, 100, 'c038f1ea-fe29-11ee-9868-90e868d8964c'),
        (UUID(), 'Land 3', 'Description of Land 3', 'thumbnail.jpg', 0, 'Address of Land', 38.00, 30.00, 100, 'c038f1ea-fe29-11ee-9868-90e868d8964c'),
        (UUID(), 'Land 4', 'Description of Land 4', 'thumbnail.jpg', 0, 'Address of Land', 38.00, 30.00, 100, 'c038f1ea-fe29-11ee-9868-90e868d8964c'),
        (UUID(), 'Land 5', 'Description of Land 5', 'thumbnail.jpg', 0, 'Address of Land', 38.00, 30.00, 100, 'c038f1ea-fe29-11ee-9868-90e868d8964c'),
        (UUID(), 'Land 6', 'Description of Land 6', 'thumbnail.jpg', 0, 'Address of Land', 38.00, 30.00, 100, 'c038f1ea-fe29-11ee-9868-90e868d8964c'),
        (UUID(), 'Land 7', 'Description of Land 7', 'thumbnail.jpg', 0, 'Address of Land', 38.00, 30.00, 100, 'c038f1ea-fe29-11ee-9868-90e868d8964c'),
        (UUID(), 'Land 8', 'Description of Land 8', 'thumbnail.jpg', 0, 'Address of Land', 38.00, 30.00, 100, 'c038f1ea-fe29-11ee-9868-90e868d8964c'),
        (UUID(), 'Land 9', 'Description of Land 9', 'thumbnail.jpg', 0, 'Address of Land', 38.00, 30.00, 100, 'c038f1ea-fe29-11ee-9868-90e868d8964c'),


        (UUID(), 'Land 1', 'Description of Land 1', 'thumbnail.jpg', 0, 'Address of Land', 25.00, 25.00, 150, 'c0394570-fe29-11ee-9868-90e868d8964c'),
        (UUID(), 'Land 2', 'Description of Land 2', 'thumbnail.jpg', 0, 'Address of Land', 25.00, 25.00, 150, 'c0394570-fe29-11ee-9868-90e868d8964c'),
        (UUID(), 'Land 3', 'Description of Land 3', 'thumbnail.jpg', 0, 'Address of Land', 25.00, 25.00, 150, 'c0394570-fe29-11ee-9868-90e868d8964c'),
        (UUID(), 'Land 4', 'Description of Land 4', 'thumbnail.jpg', 0, 'Address of Land', 25.00, 25.00, 150, 'c0394570-fe29-11ee-9868-90e868d8964c'),
        (UUID(), 'Land 5', 'Description of Land 5', 'thumbnail.jpg', 0, 'Address of Land', 25.00, 25.00, 150, 'c0394570-fe29-11ee-9868-90e868d8964c'),
        (UUID(), 'Land 6', 'Description of Land 6', 'thumbnail.jpg', 0, 'Address of Land', 25.00, 25.00, 150, 'c0394570-fe29-11ee-9868-90e868d8964c'),
        (UUID(), 'Land 7', 'Description of Land 7', 'thumbnail.jpg', 0, 'Address of Land', 25.00, 25.00, 150, 'c0394570-fe29-11ee-9868-90e868d8964c'),
        (UUID(), 'Land 8', 'Description of Land 8', 'thumbnail.jpg', 0, 'Address of Land', 25.00, 25.00, 150, 'c0394570-fe29-11ee-9868-90e868d8964c'),

        (UUID(), 'Land 1', 'Description of Land 1', 'thumbnail.jpg', 0, 'Address of Land', 35.00, 35.00, 150, 'c0394631-fe29-11ee-9868-90e868d8964c'),
        (UUID(), 'Land 2', 'Description of Land 2', 'thumbnail.jpg', 0, 'Address of Land', 35.00, 35.00, 150, 'c0394631-fe29-11ee-9868-90e868d8964c'),
        (UUID(), 'Land 3', 'Description of Land 3', 'thumbnail.jpg', 0, 'Address of Land', 35.00, 35.00, 150, 'c0394631-fe29-11ee-9868-90e868d8964c'),
        (UUID(), 'Land 4', 'Description of Land 4', 'thumbnail.jpg', 0, 'Address of Land', 35.00, 35.00, 150, 'c0394631-fe29-11ee-9868-90e868d8964c'),
        (UUID(), 'Land 5', 'Description of Land 5', 'thumbnail.jpg', 0, 'Address of Land', 35.00, 35.00, 150, 'c0394631-fe29-11ee-9868-90e868d8964c'),
        (UUID(), 'Land 6', 'Description of Land 6', 'thumbnail.jpg', 0, 'Address of Land', 35.00, 35.00, 150, 'c0394631-fe29-11ee-9868-90e868d8964c'),
        (UUID(), 'Land 7', 'Description of Land 7', 'thumbnail.jpg', 0, 'Address of Land', 35.00, 35.00, 150, 'c0394631-fe29-11ee-9868-90e868d8964c'),
        (UUID(), 'Land 8', 'Description of Land 8', 'thumbnail.jpg', 0, 'Address of Land', 35.00, 35.00, 150, 'c0394631-fe29-11ee-9868-90e868d8964c'),

        (UUID(), 'Land 1', 'Description of Land 1', 'thumbnail.jpg', 0, 'Address of Land', 17.00, 15.00, 150, 'c039467c-fe29-11ee-9868-90e868d8964c'),
        (UUID(), 'Land 2', 'Description of Land 2', 'thumbnail.jpg', 0, 'Address of Land', 17.00, 15.00, 150, 'c039467c-fe29-11ee-9868-90e868d8964c'),
        (UUID(), 'Land 3', 'Description of Land 3', 'thumbnail.jpg', 0, 'Address of Land', 17.00, 15.00, 150, 'c039467c-fe29-11ee-9868-90e868d8964c'),
        (UUID(), 'Land 4', 'Description of Land 4', 'thumbnail.jpg', 0, 'Address of Land', 17.00, 15.00, 150, 'c039467c-fe29-11ee-9868-90e868d8964c'),
        (UUID(), 'Land 5', 'Description of Land 5', 'thumbnail.jpg', 0, 'Address of Land', 17.00, 15.00, 150, 'c039467c-fe29-11ee-9868-90e868d8964c'),
        (UUID(), 'Land 6', 'Description of Land 6', 'thumbnail.jpg', 0, 'Address of Land', 17.00, 15.00, 150, 'c039467c-fe29-11ee-9868-90e868d8964c'),
        (UUID(), 'Land 7', 'Description of Land 7', 'thumbnail.jpg', 0, 'Address of Land', 17.00, 15.00, 150, 'c039467c-fe29-11ee-9868-90e868d8964c'),
        (UUID(), 'Land 8', 'Description of Land 8', 'thumbnail.jpg', 0, 'Address of Land', 17.00, 15.00, 150, 'c039467c-fe29-11ee-9868-90e868d8964c'),

        (UUID(), 'Land 1', 'Description of Land 1', 'thumbnail.jpg', 0, 'Address of Land', 40.00, 40.00, 150, 'c03946ca-fe29-11ee-9868-90e868d8964c'),
        (UUID(), 'Land 2', 'Description of Land 2', 'thumbnail.jpg', 0, 'Address of Land', 40.00, 40.00, 150, 'c03946ca-fe29-11ee-9868-90e868d8964c'),
        (UUID(), 'Land 3', 'Description of Land 3', 'thumbnail.jpg', 0, 'Address of Land', 40.00, 40.00, 150, 'c03946ca-fe29-11ee-9868-90e868d8964c'),
        (UUID(), 'Land 4', 'Description of Land 4', 'thumbnail.jpg', 0, 'Address of Land', 40.00, 40.00, 150, 'c03946ca-fe29-11ee-9868-90e868d8964c'),
        (UUID(), 'Land 5', 'Description of Land 5', 'thumbnail.jpg', 0, 'Address of Land', 40.00, 40.00, 150, 'c03946ca-fe29-11ee-9868-90e868d8964c'),
        (UUID(), 'Land 6', 'Description of Land 6', 'thumbnail.jpg', 0, 'Address of Land', 40.00, 40.00, 150, 'c03946ca-fe29-11ee-9868-90e868d8964c'),
        (UUID(), 'Land 7', 'Description of Land 7', 'thumbnail.jpg', 0, 'Address of Land', 40.00, 40.00, 150, 'c03946ca-fe29-11ee-9868-90e868d8964c'),
        (UUID(), 'Land 8', 'Description of Land 8', 'thumbnail.jpg', 0, 'Address of Land', 40.00, 40.00, 150, 'c03946ca-fe29-11ee-9868-90e868d8964c'),

        (UUID(), 'Land 1', 'Description of Land 1', 'thumbnail.jpg', 0, 'Address of Land', 40.00, 40.00, 150, 'c039471d-fe29-11ee-9868-90e868d8964c'),
        (UUID(), 'Land 2', 'Description of Land 2', 'thumbnail.jpg', 0, 'Address of Land', 40.00, 40.00, 150, 'c039471d-fe29-11ee-9868-90e868d8964c'),
        (UUID(), 'Land 3', 'Description of Land 3', 'thumbnail.jpg', 0, 'Address of Land', 40.00, 40.00, 150, 'c039471d-fe29-11ee-9868-90e868d8964c'),
        (UUID(), 'Land 4', 'Description of Land 4', 'thumbnail.jpg', 0, 'Address of Land', 40.00, 40.00, 150, 'c039471d-fe29-11ee-9868-90e868d8964c'),
        (UUID(), 'Land 5', 'Description of Land 5', 'thumbnail.jpg', 0, 'Address of Land', 40.00, 40.00, 150, 'c039471d-fe29-11ee-9868-90e868d8964c'),
        (UUID(), 'Land 6', 'Description of Land 6', 'thumbnail.jpg', 0, 'Address of Land', 40.00, 40.00, 150, 'c039471d-fe29-11ee-9868-90e868d8964c'),
        (UUID(), 'Land 7', 'Description of Land 7', 'thumbnail.jpg', 0, 'Address of Land', 40.00, 40.00, 150, 'c039471d-fe29-11ee-9868-90e868d8964c'),
        (UUID(), 'Land 8', 'Description of Land 8', 'thumbnail.jpg', 0, 'Address of Land', 40.00, 40.00, 150, 'c039471d-fe29-11ee-9868-90e868d8964c'),

        (UUID(), 'Land 1', 'Description of Land 1', 'thumbnail.jpg', 0, 'Address of Land', 40.00, 40.00, 150, 'c039476b-fe29-11ee-9868-90e868d8964c'),
        (UUID(), 'Land 2', 'Description of Land 2', 'thumbnail.jpg', 0, 'Address of Land', 40.00, 40.00, 150, 'c039476b-fe29-11ee-9868-90e868d8964c'),
        (UUID(), 'Land 3', 'Description of Land 3', 'thumbnail.jpg', 0, 'Address of Land', 40.00, 40.00, 150, 'c039476b-fe29-11ee-9868-90e868d8964c'),
        (UUID(), 'Land 4', 'Description of Land 4', 'thumbnail.jpg', 0, 'Address of Land', 40.00, 40.00, 150, 'c039476b-fe29-11ee-9868-90e868d8964c'),
        (UUID(), 'Land 5', 'Description of Land 5', 'thumbnail.jpg', 0, 'Address of Land', 40.00, 40.00, 150, 'c039476b-fe29-11ee-9868-90e868d8964c'),
        (UUID(), 'Land 6', 'Description of Land 6', 'thumbnail.jpg', 0, 'Address of Land', 40.00, 40.00, 150, 'c039476b-fe29-11ee-9868-90e868d8964c'),
        (UUID(), 'Land 7', 'Description of Land 7', 'thumbnail.jpg', 0, 'Address of Land', 40.00, 40.00, 150, 'c039476b-fe29-11ee-9868-90e868d8964c'),
        (UUID(), 'Land 8', 'Description of Land 8', 'thumbnail.jpg', 0, 'Address of Land', 40.00, 40.00, 150, 'c039476b-fe29-11ee-9868-90e868d8964c'),

        (UUID(), 'Land 1', 'Description of Land 1', 'thumbnail.jpg', 0, 'Address of Land', 40.00, 40.00, 150, 'c03947b5-fe29-11ee-9868-90e868d8964c'),
        (UUID(), 'Land 2', 'Description of Land 2', 'thumbnail.jpg', 0, 'Address of Land', 40.00, 40.00, 150, 'c03947b5-fe29-11ee-9868-90e868d8964c'),
        (UUID(), 'Land 3', 'Description of Land 3', 'thumbnail.jpg', 0, 'Address of Land', 40.00, 40.00, 150, 'c03947b5-fe29-11ee-9868-90e868d8964c'),
        (UUID(), 'Land 4', 'Description of Land 4', 'thumbnail.jpg', 0, 'Address of Land', 40.00, 40.00, 150, 'c03947b5-fe29-11ee-9868-90e868d8964c'),
        (UUID(), 'Land 5', 'Description of Land 5', 'thumbnail.jpg', 0, 'Address of Land', 40.00, 40.00, 150, 'c03947b5-fe29-11ee-9868-90e868d8964c'),
        (UUID(), 'Land 6', 'Description of Land 6', 'thumbnail.jpg', 0, 'Address of Land', 40.00, 40.00, 150, 'c03947b5-fe29-11ee-9868-90e868d8964c'),
        (UUID(), 'Land 7', 'Description of Land 7', 'thumbnail.jpg', 0, 'Address of Land', 40.00, 40.00, 150, 'c03947b5-fe29-11ee-9868-90e868d8964c'),
        (UUID(), 'Land 8', 'Description of Land 8', 'thumbnail.jpg', 0, 'Address of Land', 40.00, 40.00, 150, 'c03947b5-fe29-11ee-9868-90e868d8964c'),

        (UUID(), 'Land 1', 'Description of Land 1', 'thumbnail.jpg', 0, 'Address of Land', 40.00, 40.00, 150, 'c0394875-fe29-11ee-9868-90e868d8964c'),
        (UUID(), 'Land 2', 'Description of Land 2', 'thumbnail.jpg', 0, 'Address of Land', 40.00, 40.00, 150, 'c0394875-fe29-11ee-9868-90e868d8964c'),
        (UUID(), 'Land 3', 'Description of Land 3', 'thumbnail.jpg', 0, 'Address of Land', 40.00, 40.00, 150, 'c0394875-fe29-11ee-9868-90e868d8964c'),
        (UUID(), 'Land 4', 'Description of Land 4', 'thumbnail.jpg', 0, 'Address of Land', 40.00, 40.00, 150, 'c0394875-fe29-11ee-9868-90e868d8964c'),
        (UUID(), 'Land 5', 'Description of Land 5', 'thumbnail.jpg', 0, 'Address of Land', 40.00, 40.00, 150, 'c0394875-fe29-11ee-9868-90e868d8964c'),
        (UUID(), 'Land 6', 'Description of Land 6', 'thumbnail.jpg', 0, 'Address of Land', 40.00, 40.00, 150, 'c0394875-fe29-11ee-9868-90e868d8964c'),
        (UUID(), 'Land 7', 'Description of Land 7', 'thumbnail.jpg', 0, 'Address of Land', 40.00, 40.00, 150, 'c0394875-fe29-11ee-9868-90e868d8964c'),
        (UUID(), 'Land 8', 'Description of Land 8', 'thumbnail.jpg', 0, 'Address of Land', 40.00, 40.00, 150, 'c0394875-fe29-11ee-9868-90e868d8964c'),

        (UUID(), 'Land 1', 'Description of Land 1', 'thumbnail.jpg', 0, 'Address of Land', 40.00, 40.00, 150, 'c03946ca-fe29-11ee-9868-90e868d8964c'),
        (UUID(), 'Land 2', 'Description of Land 2', 'thumbnail.jpg', 0, 'Address of Land', 40.00, 40.00, 150, 'c03946ca-fe29-11ee-9868-90e868d8964c'),
        (UUID(), 'Land 3', 'Description of Land 3', 'thumbnail.jpg', 0, 'Address of Land', 40.00, 40.00, 150, 'c03946ca-fe29-11ee-9868-90e868d8964c'),
        (UUID(), 'Land 4', 'Description of Land 4', 'thumbnail.jpg', 0, 'Address of Land', 40.00, 40.00, 150, 'c03946ca-fe29-11ee-9868-90e868d8964c'),
        (UUID(), 'Land 5', 'Description of Land 5', 'thumbnail.jpg', 0, 'Address of Land', 40.00, 40.00, 150, 'c03946ca-fe29-11ee-9868-90e868d8964c'),
        (UUID(), 'Land 6', 'Description of Land 6', 'thumbnail.jpg', 0, 'Address of Land', 40.00, 40.00, 150, 'c03946ca-fe29-11ee-9868-90e868d8964c'),
        (UUID(), 'Land 7', 'Description of Land 7', 'thumbnail.jpg', 0, 'Address of Land', 40.00, 40.00, 150, 'c03946ca-fe29-11ee-9868-90e868d8964c'),
        (UUID(), 'Land 8', 'Description of Land 8', 'thumbnail.jpg', 0, 'Address of Land', 40.00, 40.00, 150, 'c03946ca-fe29-11ee-9868-90e868d8964c'),

        (UUID(), 'Land 1', 'Description of Land 1', 'thumbnail.jpg', 0, 'Address of Land', 40.00, 40.00, 150, 'c03948b1-fe29-11ee-9868-90e868d8964c'),
        (UUID(), 'Land 2', 'Description of Land 2', 'thumbnail.jpg', 0, 'Address of Land', 40.00, 40.00, 150, 'c03948b1-fe29-11ee-9868-90e868d8964c'),
        (UUID(), 'Land 3', 'Description of Land 3', 'thumbnail.jpg', 0, 'Address of Land', 40.00, 40.00, 150, 'c03948b1-fe29-11ee-9868-90e868d8964c'),
        (UUID(), 'Land 4', 'Description of Land 4', 'thumbnail.jpg', 0, 'Address of Land', 40.00, 40.00, 150, 'c03948b1-fe29-11ee-9868-90e868d8964c'),
        (UUID(), 'Land 5', 'Description of Land 5', 'thumbnail.jpg', 0, 'Address of Land', 40.00, 40.00, 150, 'c03948b1-fe29-11ee-9868-90e868d8964c'),
        (UUID(), 'Land 6', 'Description of Land 6', 'thumbnail.jpg', 0, 'Address of Land', 40.00, 40.00, 150, 'c03948b1-fe29-11ee-9868-90e868d8964c'),
        (UUID(), 'Land 7', 'Description of Land 7', 'thumbnail.jpg', 0, 'Address of Land', 40.00, 40.00, 150, 'c03948b1-fe29-11ee-9868-90e868d8964c'),
        (UUID(), 'Land 8', 'Description of Land 8', 'thumbnail.jpg', 0, 'Address of Land', 40.00, 40.00, 150, 'c03948b1-fe29-11ee-9868-90e868d8964c'),

        (UUID(), 'Land 1', 'Description of Land 1', 'thumbnail.jpg', 0, 'Address of Land', 40.00, 40.00, 150, 'c03948e2-fe29-11ee-9868-90e868d8964c'),
        (UUID(), 'Land 2', 'Description of Land 2', 'thumbnail.jpg', 0, 'Address of Land', 40.00, 40.00, 150, 'c03948e2-fe29-11ee-9868-90e868d8964c'),
        (UUID(), 'Land 3', 'Description of Land 3', 'thumbnail.jpg', 0, 'Address of Land', 40.00, 40.00, 150, 'c03948e2-fe29-11ee-9868-90e868d8964c'),
        (UUID(), 'Land 4', 'Description of Land 4', 'thumbnail.jpg', 0, 'Address of Land', 40.00, 40.00, 150, 'c03948e2-fe29-11ee-9868-90e868d8964c'),
        (UUID(), 'Land 5', 'Description of Land 5', 'thumbnail.jpg', 0, 'Address of Land', 40.00, 40.00, 150, 'c03948e2-fe29-11ee-9868-90e868d8964c'),
        (UUID(), 'Land 6', 'Description of Land 6', 'thumbnail.jpg', 0, 'Address of Land', 40.00, 40.00, 150, 'c03948e2-fe29-11ee-9868-90e868d8964c'),
        (UUID(), 'Land 7', 'Description of Land 7', 'thumbnail.jpg', 0, 'Address of Land', 40.00, 40.00, 150, 'c03948e2-fe29-11ee-9868-90e868d8964c'),
        (UUID(), 'Land 8', 'Description of Land 8', 'thumbnail.jpg', 0, 'Address of Land', 40.00, 40.00, 150, 'c03948e2-fe29-11ee-9868-90e868d8964c'),

        (UUID(), 'Land 1', 'Description of Land 1', 'thumbnail.jpg', 0, 'Address of Land', 40.00, 40.00, 150, 'c0394918-fe29-11ee-9868-90e868d8964c'),
        (UUID(), 'Land 2', 'Description of Land 2', 'thumbnail.jpg', 0, 'Address of Land', 40.00, 40.00, 150, 'c0394918-fe29-11ee-9868-90e868d8964c'),
        (UUID(), 'Land 3', 'Description of Land 3', 'thumbnail.jpg', 0, 'Address of Land', 40.00, 40.00, 150, 'c0394918-fe29-11ee-9868-90e868d8964c'),
        (UUID(), 'Land 4', 'Description of Land 4', 'thumbnail.jpg', 0, 'Address of Land', 40.00, 40.00, 150, 'c0394918-fe29-11ee-9868-90e868d8964c'),
        (UUID(), 'Land 5', 'Description of Land 5', 'thumbnail.jpg', 0, 'Address of Land', 40.00, 40.00, 150, 'c0394918-fe29-11ee-9868-90e868d8964c'),
        (UUID(), 'Land 6', 'Description of Land 6', 'thumbnail.jpg', 0, 'Address of Land', 40.00, 40.00, 150, 'c0394918-fe29-11ee-9868-90e868d8964c'),
        (UUID(), 'Land 7', 'Description of Land 7', 'thumbnail.jpg', 0, 'Address of Land', 40.00, 40.00, 150, 'c0394918-fe29-11ee-9868-90e868d8964c'),
        (UUID(), 'Land 8', 'Description of Land 8', 'thumbnail.jpg', 0, 'Address of Land', 40.00, 40.00, 150, 'c0394918-fe29-11ee-9868-90e868d8964c'),
;
